{
  "pixel": [
    0.0006700584274113686,
    0.0013401168548227373,
    0.0020101752822341058,
    0.0026802337096454745,
    0.0033502921370568432,
    0.0040203505644682115,
    0.00469040899187958,
    0.005360467419290949,
    0.006030525846702318,
    0.0067005842741136865,
    0.007370642701525055,
    0.008040701128936423,
    0.008710759556347793,
    0.00938081798375916,
    0.01005087641117053,
    0.010720934838581898,
    0.011390993265993266,
    0.012061051693404636,
    0.012731110120816003,
    0.013401168548227373,
    0.01407122697563874,
    0.01474128540305011,
    0.015411343830461478,
    0.016081402257872846,
    0.016751460685284214,
    0.017421519112695585,
    0.018091577540106953,
    0.01876163596751832,
    0.01943169439492969,
    0.02010175282234106,
    0.020771811249752428,
    0.021441869677163796,
    0.022111928104575164,
    0.025313318368873926,
    0.027844650205761316,
    0.030375982042648707,
    0.032907313879536104,
    0.035438645716423495,
    0.037969977553310885,
    0.040501309390198276,
    0.043032641227085666,
    0.05315796857463524,
    0.06075196408529742,
    0.07973695286195287,
    0.10251893939393938,
    0.12530092592592593,
    0.14808291245791244,
    0.17086489898989898,
    0.19364688552188553,
    0.23921085858585858
  ],
  "area": [
    0.0003634031896810482,
    0.0007268063793620964,
    0.0010902095690431446,
    0.0014536127587241928,
    0.001817015948405241,
    0.002180419138086289,
    0.0025438223277673374,
    0.0029072255174483856,
    0.003270628707129434,
    0.003634031896810482,
    0.00399743508649153,
    0.004360838276172578,
    0.004724241465853627,
    0.005087644655534675,
    0.005451047845215723,
    0.005814451034896771,
    0.00617785422457782,
    0.006541257414258868,
    0.006904660603939915,
    0.007268063793620964,
    0.007631466983302013,
    0.00799487017298306,
    0.008358273362664108,
    0.008721676552345157,
    0.009085079742026205,
    0.009448482931707254,
    0.009811886121388301,
    0.01017528931106935,
    0.010538692500750398,
    0.010902095690431445,
    0.011265498880112494,
    0.011628902069793542,
    0.011992305259474591,
    0.01235570844915564,
    0.012719111638836687,
    0.013082514828517735,
    0.013445918018198784,
    0.01380932120787983,
    0.01417272439756088,
    0.014536127587241928,
    0.014899530776922977,
    0.015262933966604025,
    0.020835116208380095,
    0.026043895260475118,
    0.03906584289071268,
    0.05469218004699775,
    0.07031851720328283,
    0.08594485435956789,
    0.10157119151585298,
    0.16407654014099327
  ],
  "corner": [
    0.003492185139320556,
    0.006984370278641112,
    0.010476555417961667,
    0.013968740557282224,
    0.01746092569660278,
    0.020953110835923335,
    0.02444529597524389,
    0.02793748111456445,
    0.031429666253885005,
    0.03492185139320556,
    0.03841403653252612,
    0.04190622167184667,
    0.045398406811167226,
    0.04889059195048778,
    0.05238277708980834,
    0.0558749622291289,
    0.059367147368449454,
    0.06285933250777001,
    0.06635151764709056,
    0.06984370278641112,
    0.07333588792573167,
    0.07682807306505224,
    0.08032025820437279,
    0.08381244334369334,
    0.0873046284830139,
    0.13619522043350168,
    0.1997529899691358,
    0.2179123526936027,
    0.2360717154180696,
    0.2542310781425365,
    0.2875232431373924,
    0.3026560454077815,
    0.3177888476781706,
    0.33292164994855966,
    0.3480544522189487,
    0.3813466172138047,
    0.3995059799382716,
    0.41766534266273847,
    0.43582470538720536,
    0.47668327151725587,
    0.4993824749228395,
    0.5220816783284231,
    0.5674800851395904,
    0.590179288545174,
    0.6128784919507575,
    0.6658432998971193,
    0.6961089044378974,
    0.7717729157898429,
    0.8625697294121772,
    0.9533665430345117
  ],
  "edge": [
    8.199325430228209e-05,
    0.00016398650860456417,
    0.00024597976290684627,
    0.00032797301720912834,
    0.0004099662715114104,
    0.0004919595258136925,
    0.0005739527801159746,
    0.0006559460344182567,
    0.0007379392887205388,
    0.0008199325430228208,
    0.0009019257973251029,
    0.000983919051627385,
    0.001065912305929667,
    0.0011479055602319492,
    0.0012298988145342312,
    0.0013118920688365134,
    0.0013938853231387955,
    0.0014758785774410775,
    0.0015578718317433597,
    0.0016398650860456416,
    0.0017218583403479238,
    0.0018038515946502058,
    0.001885844848952488,
    0.00196783810325477,
    0.0020498313575570523,
    0.002131824611859334,
    0.0022138178661616163,
    0.0022958111204638984,
    0.0023778043747661806,
    0.0027672723327020203,
    0.003074747036335578,
    0.003382221739969136,
    0.0036896964436026938,
    0.003997171147236252,
    0.00430464585086981,
    0.004612120554503367,
    0.005329561529648336,
    0.005739527801159746,
    0.006149494072671156,
    0.006559460344182567,
    0.0069694266156939775,
    0.008199325430228208,
    0.00901925797325103,
    0.01106908933080808,
    0.013528886959876543,
    0.015988684588945007,
    0.018448482218013467,
    0.02090827984708193,
    0.02336807747615039,
    0.025827875105218855
  ]
}
