{
  "pixel": [
    0.00017805899908172635,
    0.0003561179981634527,
    0.000534176997245179,
    0.0007122359963269054,
    0.0008902949954086317,
    0.001068353994490358,
    0.0012464129935720845,
    0.0014244719926538108,
    0.001602530991735537,
    0.0017805899908172635,
    0.00195864898989899,
    0.002136707988980716,
    0.0023147669880624424,
    0.002492825987144169,
    0.0026708849862258953,
    0.0028489439853076216,
    0.003027002984389348,
    0.003205061983471074,
    0.0033831209825528007,
    0.003561179981634527,
    0.003739238980716253,
    0.00391729797979798,
    0.004095356978879706,
    0.004273415977961432,
    0.004451474977043159,
    0.004629533976124885,
    0.004807592975206611,
    0.004985651974288338,
    0.005163710973370064,
    0.005341769972451791,
    0.005519828971533517,
    0.005697887970615243,
    0.00661044034090909,
    0.0073449337121212115,
    0.008079427083333333,
    0.008813920454545454,
    0.009548413825757576,
    0.010282907196969697,
    0.011017400568181818,
    0.01322088068181818,
    0.014689867424242425,
    0.016158854166666667,
    0.020565814393939393,
    0.02644176136363636,
    0.032317708333333334,
    0.0381936553030303,
    0.04406960227272727,
    0.04994554924242424,
    0.05582149621212121,
    0.061697443181818176
  ],
  "area": [
    0.00012466555435305433,
    0.00024933110870610866,
    0.000373996663059163,
    0.0004986622174122173,
    0.0006233277717652716,
    0.000747993326118326,
    0.0008726588804713804,
    0.0009973244348244347,
    0.001121989989177489,
    0.0012466555435305432,
    0.0013713210978835977,
    0.001495986652236652,
    0.0016206522065897063,
    0.0017453177609427608,
    0.001869983315295815,
    0.0019946488696488693,
    0.0021193144240019236,
    0.002243979978354978,
    0.002368645532708032,
    0.0024933110870610864,
    0.002617976641414141,
    0.0027426421957671954,
    0.0028673077501202497,
    0.002991973304473304,
    0.0031166388588263583,
    0.0032413044131794125,
    0.003365969967532467,
    0.0034906355218855215,
    0.003615301076238576,
    0.00373996663059163,
    0.0038646321849446844,
    0.003989297739297739,
    0.004113963293650793,
    0.004238628848003847,
    0.0043632944023569015,
    0.004487959956709956,
    0.00461262551106301,
    0.004737291065416064,
    0.004861956619769119,
    0.004986622174122173,
    0.005111287728475228,
    0.007853929924242423,
    0.013089883207070704,
    0.018325836489898988,
    0.02356178977272727,
    0.028797743055555554,
    0.03403369633838384,
    0.03926964962121211,
    0.0445056029040404,
    0.05497750946969697
  ],
  "corner": [
    0.0069793563641219886,
    0.013958712728243977,
    0.020938069092365966,
    0.027917425456487954,
    0.03489678182060994,
    0.04187613818473193,
    0.04885549454885392,
    0.05583485091297591,
    0.0628142072770979,
    0.06979356364121989,
    0.07677292000534187,
    0.08375227636946386,
    0.09467648633069828,
    0.0986213399278107,
    0.10256619352492313,
    0.10651104712203556,
    0.11045590071914799,
    0.11440075431626043,
    0.11834560791337284,
    0.12229046151048528,
    0.1262353151075977,
    0.13018016870471014,
    0.13412502230182255,
    0.138069875898935,
    0.14201472949604743,
    0.14595958309315984,
    0.14990443669027226,
    0.1538492902873847,
    0.15779414388449714,
    0.16173899748160955,
    0.16568385107872197,
    0.1696287046758344,
    0.17357355827294685,
    0.17751841187005926,
    0.1915445579931257,
    0.20162585051907966,
    0.21170714304503366,
    0.22178843557098762,
    0.23186972809694162,
    0.24195102062289559,
    0.25203231314884955,
    0.2621136056748036,
    0.3175607145675505,
    0.40829234730113634,
    0.49902398003472215,
    0.589755612768308,
    0.6804872455018939,
    0.7712188782354797,
    0.8619505109690656,
    0.9526821437026515
  ],
  "edge": [
    4.9289772727272735e-05,
    9.857954545454547e-05,
    0.0001478693181818182,
    0.00019715909090909094,
    0.0002464488636363637,
    0.0002957386363636364,
    0.00034502840909090914,
    0.0003943181818181819,
    0.0004436079545454546,
    0.0004928977272727273,
    0.0005421875000000001,
    0.0005914772727272728,
    0.0006407670454545455,
    0.0006900568181818183,
    0.0007393465909090911,
    0.0007886363636363638,
    0.0008379261363636364,
    0.0008872159090909092,
    0.000936505681818182,
    0.0009857954545454547,
    0.0010350852272727274,
    0.0010843750000000003,
    0.001133664772727273,
    0.0011829545454545456,
    0.001309259588068182,
    0.0013862748579545456,
    0.0014632901278409092,
    0.0015403053977272728,
    0.0016173206676136365,
    0.0016943359375000003,
    0.0017713512073863637,
    0.0018483664772727276,
    0.001925381747159091,
    0.002002397017045455,
    0.0020794122869318182,
    0.002156427556818182,
    0.0022334428267045455,
    0.0023104580965909094,
    0.002387473366477273,
    0.002772549715909091,
    0.003080610795454546,
    0.0033886718750000006,
    0.004312855113636364,
    0.005545099431818182,
    0.006777343750000001,
    0.00800958806818182,
    0.009241832386363637,
    0.010474076704545456,
    0.011706321022727274,
    0.012938565340909092
  ]
}
