{
  "pixel": [
    0.002320180202762923,
    0.004566575683303624,
    0.006812971163844325,
    0.009059366644385025,
    0.011305762124925726,
    0.013552157605466427,
    0.01579855308600713,
    0.01804494856654783,
    0.020291344047088534,
    0.022537739527629233,
    0.024784135008169932,
    0.027030530488710635,
    0.029276925969251338,
    0.03152332144979203,
    0.03376971693033273,
    0.036016112410873435,
    0.03826250789141414,
    0.04050890337195484,
    0.04275529885249554,
    0.04500169433303624,
    0.04724808981357694,
    0.04949448529411764,
    0.05174088077465834,
    0.05398727625519904,
    0.056233671735739746,
    0.05848006721628045,
    0.060726462696821144,
    0.06297285817736184,
    0.06521925365790254,
    0.06746564913844325,
    0.06971204461898395,
    0.07195844009952465,
    0.07420483558006535,
    0.08493761398709315,
    0.09342399691358025,
    0.10191037984006733,
    0.11039676276655443,
    0.11888314569304152,
    0.1273695286195286,
    0.1358559115460157,
    0.1443422944725028,
    0.17828782617845118,
    0.20374697495791244,
    0.2673948469065657,
    0.3437722932449495,
    0.42014973958333335,
    0.4965271859217172,
    0.572904632260101,
    0.7256595249368687,
    0.8020369712752524
  ],
  "area": [
    0.0019082472793410293,
    0.0038164945586820587,
    0.005724741838023088,
    0.007632989117364117,
    0.009541236396705146,
    0.011449483676046176,
    0.013357730955387205,
    0.015265978234728235,
    0.017174225514069264,
    0.019082472793410292,
    0.020990720072751323,
    0.02289896735209235,
    0.024807214631433382,
    0.02671546191077441,
    0.02862370919011544,
    0.03053195646945647,
    0.0324402037487975,
    0.03434845102813853,
    0.03625669830747956,
    0.038164945586820584,
    0.040073192866161615,
    0.041981440145502646,
    0.04388968742484368,
    0.0457979347041847,
    0.04770618198352573,
    0.049614429262866765,
    0.05152267654220779,
    0.05343092382154882,
    0.05533917110088985,
    0.05724741838023088,
    0.05915566565957191,
    0.06106391293891294,
    0.06297216021825397,
    0.064880407497595,
    0.06678865477693603,
    0.06869690205627706,
    0.07060514933561808,
    0.07251339661495912,
    0.07442164389430014,
    0.07632989117364117,
    0.0782381384529822,
    0.12021957859848484,
    0.20036596433080806,
    0.2805123500631313,
    0.36065873579545454,
    0.44080512152777773,
    0.520951507260101,
    0.6010978929924242,
    0.6812442787247475,
    0.841537050189394
  ],
  "edge": [
    0.00016437158038720538,
    0.00032874316077441076,
    0.0004931147411616161,
    0.0006574863215488215,
    0.0008218579019360269,
    0.0009862294823232323,
    0.0011506010627104378,
    0.001314972643097643,
    0.0014793442234848483,
    0.0016437158038720538,
    0.0018080873842592593,
    0.0019724589646464646,
    0.00213683054503367,
    0.0023012021254208755,
    0.002465573705808081,
    0.002629945286195286,
    0.0027943168665824913,
    0.0029586884469696966,
    0.0031230600273569023,
    0.0032874316077441076,
    0.003451803188131313,
    0.0036161747685185186,
    0.003780546348905724,
    0.00438324214365881,
    0.004821566358024691,
    0.005259890572390572,
    0.0056982147867564534,
    0.006136539001122335,
    0.006574863215488215,
    0.0070131874298540965,
    0.007451511644219977,
    0.008382950599747474,
    0.00887606534090909,
    0.009369180082070706,
    0.009862294823232323,
    0.010355409564393937,
    0.010848524305555555,
    0.01134163904671717,
    0.012623737373737372,
    0.013412720959595958,
    0.014201704545454545,
    0.01499068813131313,
    0.01709464436026936,
    0.018409617003367004,
    0.02169704861111111,
    0.025641966540404036,
    0.02958688446969697,
    0.033531802398989896,
    0.03747672032828282,
    0.041421638257575756
  ],
  "corner": [
    0.13838186553030302,
    0.22044073547979798,
    0.2888231271043771,
    0.31617608375420875,
    0.3640437578914141,
    0.38455847537878785,
    0.4050731928661616,
    0.44199968434343434,
    0.45841145833333335,
    0.4748232323232323,
    0.49123500631313133,
    0.5213232586279462,
    0.534999736952862,
    0.5486762152777778,
    0.5623526936026936,
    0.5760291719276094,
    0.599963008996212,
    0.610220367739899,
    0.6204777264835858,
    0.6307350852272726,
    0.6409924439709596,
    0.6512498027146464,
    0.6615071614583333,
    0.6808821724186307,
    0.6899998246352412,
    0.6991174768518518,
    0.7082351290684623,
    0.717352781285073,
    0.7264704335016835,
    0.735588085718294,
    0.7447057379349046,
    0.7655460858585859,
    0.7772687815656565,
    0.7889914772727272,
    0.800714172979798,
    0.8124368686868687,
    0.8241595643939393,
    0.8522940340909091,
    0.8687058080808081,
    0.885117582070707,
    0.901529356060606,
    0.9261470170454545,
    0.934352904040404,
    0.9425587910353536,
    0.9507646780303031,
    0.9589705650252525,
    0.967176452020202,
    0.9753823390151515,
    0.983588226010101,
    0.9917941130050505
  ]
}
