{
  "pixel": [
    0.001556088226010101,
    0.003112176452020202,
    0.004668264678030303,
    0.006224352904040404,
    0.007780441130050505,
    0.009336529356060606,
    0.010892617582070708,
    0.012448705808080808,
    0.014004794034090908,
    0.01556088226010101,
    0.017116970486111112,
    0.018673058712121212,
    0.020229146938131312,
    0.021785235164141416,
    0.023341323390151516,
    0.024897411616161616,
    0.026453499842171716,
    0.028009588068181816,
    0.02956567629419192,
    0.03112176452020202,
    0.03267785274621212,
    0.034233940972222224,
    0.03579002919823232,
    0.037346117424242424,
    0.03890220565025253,
    0.040458293876262624,
    0.04201438210227273,
    0.04357047032828283,
    0.04512655855429293,
    0.04668264678030303,
    0.04823873500631313,
    0.04979482323232323,
    0.051350911458333336,
    0.05290699968434343,
    0.054463087910353536,
    0.05601917613636363,
    0.057575264362373736,
    0.05913135258838384,
    0.060687440814393936,
    0.07261745054713804,
    0.08299137205387205,
    0.09336529356060606,
    0.10373921506734007,
    0.11411313657407407,
    0.1556088226010101,
    0.21785235164141414,
    0.2800958806818182,
    0.3423394097222222,
    0.4045829387626263,
    0.6535570549242424
  ],
  "area": [
    0.0013459245230078563,
    0.0026918490460157126,
    0.004037773569023569,
    0.005383698092031425,
    0.006729622615039281,
    0.008075547138047139,
    0.009421471661054994,
    0.01076739618406285,
    0.012113320707070706,
    0.013459245230078562,
    0.01480516975308642,
    0.016151094276094277,
    0.01749701879910213,
    0.01884294332210999,
    0.020188867845117843,
    0.0215347923681257,
    0.022880716891133558,
    0.024226641414141412,
    0.02557256593714927,
    0.026918490460157124,
    0.02826441498316498,
    0.02961033950617284,
    0.030956264029180693,
    0.032302188552188554,
    0.033648113075196405,
    0.03499403759820426,
    0.03633996212121212,
    0.03768588664421998,
    0.039031811167227835,
    0.040377735690235686,
    0.041723660213243544,
    0.0430695847362514,
    0.04441550925925926,
    0.045761433782267116,
    0.04710735830527497,
    0.048453282828282825,
    0.04979920735129068,
    0.05114513187429854,
    0.0524910563973064,
    0.05383698092031425,
    0.055182905443322106,
    0.05652882996632996,
    0.05787475448933782,
    0.05922067901234568,
    0.09084990530303029,
    0.1514165088383838,
    0.21198311237373735,
    0.2725497159090909,
    0.3331163194444444,
    0.635949337121212
  ],
  "corner": [
    0.13209280303030302,
    0.21475063131313132,
    0.29740845959595963,
    0.38006628787878793,
    0.44894781144781154,
    0.47650042087542094,
    0.5143852588383839,
    0.5247174873737375,
    0.535049715909091,
    0.5453819444444445,
    0.555714172979798,
    0.5660464015151515,
    0.576378630050505,
    0.5935990109427609,
    0.6004871632996633,
    0.6073753156565657,
    0.614263468013468,
    0.6211516203703704,
    0.6280397727272727,
    0.6349279250841751,
    0.6418160774410775,
    0.6487042297979798,
    0.6555923821548821,
    0.6624805345117846,
    0.6776344696969697,
    0.6859002525252526,
    0.6941660353535354,
    0.7024318181818182,
    0.710697601010101,
    0.7189633838383839,
    0.7272291666666667,
    0.7354949494949495,
    0.7437607323232324,
    0.7685580808080809,
    0.7850896464646465,
    0.8016212121212122,
    0.8181527777777778,
    0.8512159090909092,
    0.8677474747474748,
    0.8842790404040405,
    0.9008106060606061,
    0.9256079545454546,
    0.9338737373737375,
    0.9421395202020203,
    0.9504053030303031,
    0.9586710858585858,
    0.9669368686868687,
    0.9752026515151515,
    0.9834684343434343,
    0.9917342171717172
  ],
  "edge": [
    0.0001274463383838384,
    0.000250552398989899,
    0.00037365845959595956,
    0.0004967645202020203,
    0.0006198705808080809,
    0.0007429766414141414,
    0.0008660827020202021,
    0.0009891887626262627,
    0.0011122948232323232,
    0.001235400883838384,
    0.0013585069444444445,
    0.001481613005050505,
    0.0016047190656565658,
    0.0017278251262626263,
    0.001850931186868687,
    0.0019740372474747474,
    0.002097143308080808,
    0.0022202493686868685,
    0.0023433554292929294,
    0.00246646148989899,
    0.0025895675505050505,
    0.002712673611111111,
    0.0028357796717171715,
    0.002958885732323232,
    0.003081991792929293,
    0.0034960758149678605,
    0.0037870537764003675,
    0.004078031737832874,
    0.004369009699265381,
    0.004659987660697888,
    0.004950965622130395,
    0.005241943583562902,
    0.005532921544995409,
    0.005823899506427916,
    0.006114877467860423,
    0.0069393150252525255,
    0.007472774621212122,
    0.008006234217171719,
    0.008539693813131315,
    0.009073153409090911,
    0.0104068023989899,
    0.011206991792929295,
    0.01200718118686869,
    0.01440774936868687,
    0.01760850694444445,
    0.02080926452020202,
    0.0240100220959596,
    0.027210779671717172,
    0.03041153724747475,
    0.03361229482323233
  ]
}
