{
  "pixel": [
    0.0006103984779194382,
    0.0012207969558388765,
    0.0018311954337583147,
    0.002441593911677753,
    0.003051992389597191,
    0.0036623908675166295,
    0.004272789345436068,
    0.004883187823355506,
    0.005493586301274944,
    0.006103984779194382,
    0.006714383257113821,
    0.007324781735033259,
    0.007935180212952697,
    0.008545578690872135,
    0.009155977168791574,
    0.009766375646711012,
    0.01037677412463045,
    0.010987172602549888,
    0.011597571080469327,
    0.012207969558388765,
    0.012818368036308203,
    0.013428766514227641,
    0.01403916499214708,
    0.014649563470066518,
    0.015259961947985956,
    0.015870360425905394,
    0.016480758903824833,
    0.01709115738174427,
    0.01770155585966371,
    0.018311954337583147,
    0.018922352815502586,
    0.019532751293422024,
    0.020143149771341462,
    0.0207535482492609,
    0.02136394672718034,
    0.021974345205099777,
    0.022584743683019215,
    0.023195142160938653,
    0.02380554063885809,
    0.02441593911677753,
    0.03753950639204545,
    0.06256584398674242,
    0.08759218158143939,
    0.11261851917613636,
    0.13764485677083332,
    0.1626711943655303,
    0.18769753196022726,
    0.21272386955492423,
    0.2377502071496212,
    0.26277654474431816
  ],
  "edge": [
    1.4731441703621582e-05,
    2.9462883407243164e-05,
    4.419432511086475e-05,
    5.892576681448633e-05,
    7.365720851810791e-05,
    8.83886502217295e-05,
    0.00010312009192535107,
    0.00011785153362897265,
    0.00013258297533259424,
    0.00014731441703621582,
    0.0001620458587398374,
    0.000176777300443459,
    0.00019150874214708056,
    0.00020624018385070214,
    0.00022097162555432374,
    0.0002357030672579453,
    0.0002504345089615669,
    0.0002651659506651885,
    0.00027989739236881006,
    0.00029462883407243163,
    0.0003093602757760532,
    0.0003240917174796748,
    0.0003388231591832964,
    0.000353554600886918,
    0.00036828604259053955,
    0.0003830174842941611,
    0.0003977489259977827,
    0.00041248036770140427,
    0.0004272118094050259,
    0.0004419432511086475,
    0.00045667469281226905,
    0.0004714061345158906,
    0.0004861375762195122,
    0.0005008690179231338,
    0.0005156004596267553,
    0.000530331901330377,
    0.0005450633430339985,
    0.0005597947847376201,
    0.0005745262264412417,
    0.0005892576681448633,
    0.0009059836647727273,
    0.0015099727746212123,
    0.0021139618844696973,
    0.002717950994318182,
    0.003321940104166667,
    0.003925929214015152,
    0.004529918323863636,
    0.005133907433712122,
    0.005737896543560606,
    0.006341885653409091
  ],
  "area": [
    0.0002826560022463002,
    0.0005653120044926004,
    0.0008479680067389006,
    0.0011306240089852008,
    0.001413280011231501,
    0.0016959360134778012,
    0.001978592015724101,
    0.0022612480179704016,
    0.002543904020216702,
    0.002826560022463002,
    0.003109216024709302,
    0.0033918720269556024,
    0.003674528029201903,
    0.003957184031448202,
    0.004239840033694503,
    0.004522496035940803,
    0.004805152038187104,
    0.005087808040433404,
    0.005370464042679704,
    0.005653120044926004,
    0.0059357760471723045,
    0.006218432049418604,
    0.0065010880516649045,
    0.006783744053911205,
    0.007066400056157505,
    0.007349056058403806,
    0.007631712060650105,
    0.007914368062896405,
    0.008197024065142706,
    0.008479680067389006,
    0.008762336069635307,
    0.009044992071881607,
    0.009327648074127906,
    0.009610304076374207,
    0.009892960078620507,
    0.010175616080866808,
    0.010458272083113108,
    0.010740928085359407,
    0.011023584087605709,
    0.011306240089852008,
    0.011588896092098308,
    0.011871552094344609,
    0.018231312144886363,
    0.03038552024147727,
    0.04253972833806818,
    0.054693936434659085,
    0.06684814453125,
    0.07900235262784092,
    0.09115656072443182,
    0.12761918501420455
  ],
  "corner": [
    0.002211462952697709,
    0.004422925905395418,
    0.006634388858093127,
    0.008845851810790836,
    0.011057314763488545,
    0.013268777716186253,
    0.015480240668883961,
    0.01769170362158167,
    0.01990316657427938,
    0.02211462952697709,
    0.024326092479674797,
    0.026537555432372507,
    0.028749018385070216,
    0.030960481337767923,
    0.03317194429046563,
    0.03538340724316334,
    0.03759487019586105,
    0.03980633314855876,
    0.04201779610125647,
    0.04422925905395418,
    0.046440722006651884,
    0.048652184959349594,
    0.050863647912047304,
    0.05307511086474501,
    0.05528657381744272,
    0.05749803677014043,
    0.05970949972283814,
    0.061920962675535846,
    0.06413242562823356,
    0.06634388858093127,
    0.06855535153362897,
    0.07076681448632668,
    0.0729782774390244,
    0.0751897403917221,
    0.07740120334441981,
    0.07961266629711752,
    0.08182412924981523,
    0.08403559220251294,
    0.08624705515521065,
    0.08845851810790836,
    0.13600497159090907,
    0.22667495265151513,
    0.3173449337121212,
    0.4080149147727273,
    0.4986848958333333,
    0.5893548768939394,
    0.6800248579545454,
    0.7706948390151516,
    0.8613648200757575,
    0.9520348011363636
  ]
}
