{
  "pixel": [
    0.0024604388064674524,
    0.004920877612934905,
    0.007381316419402357,
    0.00984175522586981,
    0.012302194032337262,
    0.014762632838804714,
    0.01722307164527217,
    0.02062082047325103,
    0.02155813049476244,
    0.02249544051627385,
    0.02343275053778526,
    0.02437006055929667,
    0.02530737058080808,
    0.026244680602319492,
    0.027181990623830903,
    0.028119300645342314,
    0.02905661066685372,
    0.029993920688365136,
    0.030931230709876543,
    0.03186854073138795,
    0.032805850752899365,
    0.03374316077441077,
    0.03468047079592219,
    0.035617780817433595,
    0.03655509083894501,
    0.03749240086045642,
    0.038429710881967824,
    0.04100731344112421,
    0.042647605978769175,
    0.04428789851641414,
    0.04592819105405911,
    0.04756848359170408,
    0.04920877612934905,
    0.05084906866699401,
    0.052489361204638985,
    0.054129653742283956,
    0.05576994627992892,
    0.057410238817573886,
    0.06298723344556678,
    0.0669239355359147,
    0.07086063762626263,
    0.07479733971661055,
    0.08529521195753835,
    0.09185638210811822,
    0.10825930748456791,
    0.12794281793630752,
    0.14762632838804715,
    0.16730983883978676,
    0.1869933492915264,
    0.206676859743266
  ],
  "corner": [
    0.18912188289141413,
    0.342951235444725,
    0.41986591172138044,
    0.49678058799803587,
    0.5736952642746913,
    0.6506099405513468,
    0.7044502139450055,
    0.7198331492003366,
    0.7352160844556678,
    0.7505990197109988,
    0.7736734225939955,
    0.781364890221661,
    0.7890563578493266,
    0.7967478254769921,
    0.8044392931046577,
    0.8121307607323233,
    0.8198222283599887,
    0.8275136959876543,
    0.8352051636153198,
    0.8477037985102763,
    0.8525109657775674,
    0.8573181330448583,
    0.8621253003121493,
    0.8669324675794402,
    0.8717396348467312,
    0.8765468021140221,
    0.881353969381313,
    0.8861611366486041,
    0.890968303915895,
    0.895775471183186,
    0.9005826384504769,
    0.905389805717768,
    0.9101969729850589,
    0.9150041402523499,
    0.924335700241797,
    0.9288600929639532,
    0.9333844856861094,
    0.9379088784082656,
    0.9424332711304219,
    0.9469576638525781,
    0.9514820565747343,
    0.9560064492968905,
    0.9605308420190466,
    0.9650552347412028,
    0.969579627463359,
    0.9741040201855152,
    0.9786284129076714,
    0.9831528056298277,
    0.9876771983519839,
    0.9922015910741401
  ],
  "area": [
    0.0002767694304152637,
    0.0005535388608305274,
    0.0008303082912457911,
    0.0011070777216610548,
    0.0013838471520763187,
    0.0016606165824915823,
    0.0019373860129068459,
    0.0022141554433221097,
    0.0024909248737373735,
    0.0027676943041526373,
    0.0030444637345679007,
    0.0033212331649831645,
    0.0035980025953984284,
    0.0038747720258136917,
    0.004151541456228956,
    0.004428310886644219,
    0.004705080317059483,
    0.004981849747474747,
    0.005258619177890011,
    0.005535388608305275,
    0.005812158038720538,
    0.0060889274691358014,
    0.006365696899551065,
    0.006642466329966329,
    0.007380518144407032,
    0.007841800528432473,
    0.008303082912457911,
    0.008764365296483351,
    0.00922564768050879,
    0.00968693006453423,
    0.010148212448559669,
    0.010609494832585109,
    0.01107077721661055,
    0.011532059600635988,
    0.011993341984661426,
    0.012454624368686867,
    0.012915906752712307,
    0.013377189136737747,
    0.015222318672839505,
    0.016606165824915822,
    0.01799001297699214,
    0.01937386012906846,
    0.024217325161335575,
    0.03113656092171717,
    0.038055796682098755,
    0.044975032442480356,
    0.05189426820286194,
    0.058813503963243544,
    0.06573273972362513,
    0.07265197548400673
  ],
  "edge": [
    0.0005373614618406285,
    0.001104544675146527,
    0.0012076688957475996,
    0.001310793116348672,
    0.0014139173369497446,
    0.001517041557550817,
    0.0016201657781518895,
    0.0017232899987529619,
    0.0018264142193540342,
    0.001995832581770082,
    0.002062126723585057,
    0.0021284208654000322,
    0.0021947150072150075,
    0.002261009149029983,
    0.0023273032908449577,
    0.002393597432659933,
    0.0024598915744749083,
    0.0025261857162898835,
    0.0025924798581048584,
    0.0026587739999198337,
    0.0027250681417348085,
    0.002791362283549784,
    0.0029349995908155633,
    0.003012342756266368,
    0.003089685921717172,
    0.0031670290871679764,
    0.003244372252618781,
    0.0033217154180695853,
    0.00339905858352039,
    0.003476401748971194,
    0.0035537449144219984,
    0.003631088079872803,
    0.0037084312453236072,
    0.003901789158950618,
    0.0040178039071268245,
    0.004133818655303031,
    0.004249833403479238,
    0.004365848151655444,
    0.00448186289983165,
    0.004597877648007857,
    0.004899515993265993,
    0.005085139590347924,
    0.005270763187429854,
    0.005456386784511785,
    0.005951383043396933,
    0.00626075570520015,
    0.007034187359708194,
    0.007962305345117845,
    0.008890423330527497,
    0.00981854131593715
  ]
}
