{
  "pixel": [
    0.0005520779592520184,
    0.0011041559185040368,
    0.0016562338777560554,
    0.0022083118370080737,
    0.002760389796260092,
    0.0033124677555121107,
    0.003864545714764129,
    0.004416623674016147,
    0.004968701633268166,
    0.005520779592520184,
    0.006072857551772203,
    0.006624935511024221,
    0.007177013470276239,
    0.007729091429528258,
    0.008281169388780277,
    0.008833247348032295,
    0.009385325307284312,
    0.009937403266536332,
    0.01048948122578835,
    0.011041559185040368,
    0.011593637144292387,
    0.012145715103544405,
    0.012697793062796423,
    0.013249871022048443,
    0.01380194898130046,
    0.014354026940552479,
    0.014906104899804496,
    0.015458182859056516,
    0.016010260818308534,
    0.016562338777560554,
    0.018825858410493827,
    0.020537300084175085,
    0.022248741757856343,
    0.023960183431537597,
    0.025671625105218854,
    0.027383066778900112,
    0.029094508452581366,
    0.030805950126262624,
    0.03251739179994388,
    0.03850743765782828,
    0.04278604184203143,
    0.047064646026234565,
    0.05990045857884399,
    0.07701487531565657,
    0.09412929205246914,
    0.11124370878928169,
    0.12835812552609427,
    0.14547254226290685,
    0.16258695899971942,
    0.179701375736532
  ],
  "area": [
    0.00028752709599381347,
    0.0005750541919876269,
    0.0008625812879814404,
    0.0011501083839752539,
    0.0014376354799690674,
    0.0017251625759628808,
    0.002012689671956694,
    0.0023002167679505078,
    0.0025877438639443215,
    0.0028752709599381347,
    0.003162798055931948,
    0.0034503251519257616,
    0.0037378522479195753,
    0.004025379343913388,
    0.004312906439907202,
    0.0046004335359010155,
    0.004887960631894829,
    0.005175487727888643,
    0.005463014823882456,
    0.005750541919876269,
    0.006038069015870083,
    0.006325596111863896,
    0.00661312320785771,
    0.006900650303851523,
    0.007188177399845337,
    0.007475704495839151,
    0.0077632315918329635,
    0.008050758687826776,
    0.00833828578382059,
    0.008625812879814404,
    0.008913339975808218,
    0.009200867071802031,
    0.009488394167795844,
    0.009775921263789658,
    0.010063448359783471,
    0.010350975455777286,
    0.010638502551771099,
    0.010926029647764911,
    0.011213556743758726,
    0.011501083839752539,
    0.017682916403619527,
    0.02947152733936588,
    0.041260138275112226,
    0.05304874921085859,
    0.06483736014660493,
    0.07662597108235128,
    0.08841458201809764,
    0.10020319295384399,
    0.11199180388959035,
    0.1237804148253367
  ],
  "corner": [
    0.005287574994223279,
    0.010575149988446558,
    0.015862724982669836,
    0.021150299976893116,
    0.026437874971116396,
    0.03172544996533967,
    0.037013024959562955,
    0.04230059995378623,
    0.04758817494800951,
    0.05287574994223279,
    0.05816332493645607,
    0.06345089993067934,
    0.06873847492490262,
    0.07402604991912591,
    0.07931362491334919,
    0.08460119990757246,
    0.09517634989601902,
    0.10046392489024229,
    0.10575149988446558,
    0.11103907487868886,
    0.11632664987291214,
    0.12161422486713541,
    0.1269017998613587,
    0.13218937485558196,
    0.13747694984980524,
    0.14276452484402852,
    0.1480520998382518,
    0.15333967483247507,
    0.15862724982669835,
    0.16391482482092165,
    0.16920239981514493,
    0.1744899748093682,
    0.18794925661284564,
    0.19612096342209978,
    0.20429267023135395,
    0.2124643770406081,
    0.22063608384986227,
    0.22880779065911644,
    0.23697949746837058,
    0.24515120427762474,
    0.2533229110868789,
    0.26149461789613304,
    0.3146107121562851,
    0.4044994870580808,
    0.49438826195987656,
    0.5842770368616723,
    0.6741658117634681,
    0.7640545866652637,
    0.8539433615670595,
    0.9438321364688553
  ],
  "edge": [
    3.701610640454726e-05,
    7.403221280909452e-05,
    0.00011104831921364178,
    0.00014806442561818905,
    0.00018508053202273631,
    0.00022209663842728356,
    0.00025911274483183085,
    0.0002961288512363781,
    0.00033314495764092533,
    0.00037016106404547263,
    0.00040717717045001987,
    0.0004441932768545671,
    0.0004812093832591144,
    0.0005182254896636617,
    0.0005552415960682089,
    0.0005922577024727562,
    0.0006292738088773034,
    0.0006662899152818507,
    0.000703306021686398,
    0.0007403221280909453,
    0.0007773382344954925,
    0.0008143543409000397,
    0.000851370447304587,
    0.0008883865537091342,
    0.0009254026601136816,
    0.0009624187665182288,
    0.0009994348729227762,
    0.0010364509793273234,
    0.0010734670857318706,
    0.0011104831921364179,
    0.001311427769761103,
    0.0014753562409812408,
    0.0016392847122013788,
    0.0018032131834215166,
    0.0019671416546416546,
    0.0021310701258617924,
    0.0024862484801720913,
    0.002677498363262252,
    0.002868748246352413,
    0.003059998129442574,
    0.0032512480125327344,
    0.003824997661803217,
    0.0042074974279835385,
    0.0051637468434343435,
    0.006311246141975308,
    0.007458745440516273,
    0.008606244739057238,
    0.009753744037598204,
    0.01090124333613917,
    0.012048742634680134
  ]
}
