{
  "pixel": [
    0.0004201215662724809,
    0.0008402431325449618,
    0.0012603646988174426,
    0.0016804862650899237,
    0.0021006078313624047,
    0.0025207293976348853,
    0.0029408509639073663,
    0.0033609725301798473,
    0.0037810940964523284,
    0.004201215662724809,
    0.00462133722899729,
    0.005041458795269771,
    0.005461580361542252,
    0.005881701927814733,
    0.006301823494087214,
    0.006721945060359695,
    0.007142066626632176,
    0.007562188192904657,
    0.007982309759177138,
    0.008402431325449619,
    0.0088225528917221,
    0.00924267445799458,
    0.009662796024267062,
    0.010082917590539541,
    0.010503039156812022,
    0.010923160723084503,
    0.011343282289356984,
    0.011763403855629465,
    0.012183525421901946,
    0.012603646988174427,
    0.013023768554446908,
    0.01344389012071939,
    0.01386401168699187,
    0.014284133253264351,
    0.014704254819536832,
    0.015124376385809313,
    0.015544497952081794,
    0.015964619518354276,
    0.016384741084626755,
    0.016804862650899238,
    0.025837476325757575,
    0.043062460542929296,
    0.060287444760101006,
    0.07751242897727273,
    0.09473741319444445,
    0.11196239741161615,
    0.12918738162878787,
    0.1464123658459596,
    0.16363735006313132,
    0.18086233428030302
  ],
  "area": [
    0.00032480936707046307,
    0.0006496187341409261,
    0.0009744281012113892,
    0.0012992374682818523,
    0.0016240468353523154,
    0.0019488562024227783,
    0.0022736655694932414,
    0.0025984749365637046,
    0.0029232843036341677,
    0.003248093670704631,
    0.003572903037775094,
    0.0038977124048455566,
    0.00422252177191602,
    0.004547331138986483,
    0.004872140506056946,
    0.005196949873127409,
    0.005521759240197872,
    0.005846568607268335,
    0.0061713779743387985,
    0.006496187341409262,
    0.006820996708479725,
    0.007145806075550188,
    0.007470615442620651,
    0.007795424809691113,
    0.008120234176761576,
    0.00844504354383204,
    0.008769852910902503,
    0.009094662277972966,
    0.009419471645043429,
    0.009744281012113892,
    0.010069090379184355,
    0.010393899746254818,
    0.010718709113325281,
    0.011043518480395744,
    0.011368327847466208,
    0.01169313721453667,
    0.012017946581607134,
    0.012342755948677597,
    0.01266756531574806,
    0.012992374682818523,
    0.013317184049888986,
    0.01364199341695945,
    0.013966802784029913,
    0.014291612151100376,
    0.014616421518170839,
    0.022411846327861952,
    0.037353077213103256,
    0.05229430809834455,
    0.06723553898358586,
    0.15688292429503367
  ],
  "edge": [
    2.0375192901234564e-05,
    4.075038580246913e-05,
    6.11255787037037e-05,
    8.150077160493826e-05,
    0.00010187596450617281,
    0.0001222511574074074,
    0.00014262635030864196,
    0.00016300154320987651,
    0.00018337673611111107,
    0.00020375192901234563,
    0.00022412712191358021,
    0.0002445023148148148,
    0.00026487750771604933,
    0.0002852527006172839,
    0.00030562789351851844,
    0.00032600308641975303,
    0.0003463782793209876,
    0.00036675347222222214,
    0.00038712866512345673,
    0.00040750385802469126,
    0.00042787905092592584,
    0.00044825424382716043,
    0.00046862943672839496,
    0.0004890046296296296,
    0.0005093798225308641,
    0.0005297550154320987,
    0.0005501302083333332,
    0.0005705054012345678,
    0.0005908805941358024,
    0.0006112557870370369,
    0.0006316309799382715,
    0.0006520061728395061,
    0.0006723813657407406,
    0.0006927565586419752,
    0.0007131317515432097,
    0.0007335069444444443,
    0.0007538821373456789,
    0.0007742573302469135,
    0.000794632523148148,
    0.0010866769547325102,
    0.0013583461934156377,
    0.0020375192901234567,
    0.0028525270061728393,
    0.003667534722222222,
    0.004482542438271605,
    0.005297550154320987,
    0.00611255787037037,
    0.006927565586419752,
    0.007742573302469136,
    0.008557581018518518
  ],
  "corner": [
    0.0022133620247187322,
    0.0044267240494374645,
    0.006640086074156197,
    0.008853448098874929,
    0.011066810123593661,
    0.013280172148312393,
    0.015493534173031126,
    0.017706896197749858,
    0.01992025822246859,
    0.022133620247187322,
    0.024346982271906056,
    0.026560344296624787,
    0.028773706321343517,
    0.03098706834606225,
    0.033200430370780985,
    0.035413792395499716,
    0.037627154420218446,
    0.03984051644493718,
    0.042053878469655914,
    0.044267240494374645,
    0.046480602519093375,
    0.04869396454381211,
    0.05090732656853084,
    0.053120688593249574,
    0.055334050617968304,
    0.057547412642687035,
    0.05976077466740577,
    0.0619741366921245,
    0.06418749871684323,
    0.06640086074156197,
    0.0686142227662807,
    0.07082758479099943,
    0.07304094681571817,
    0.07525430884043689,
    0.07746767086515563,
    0.07968103288987435,
    0.08189439491459309,
    0.08410775693931183,
    0.08632111896403055,
    0.08853448098874929,
    0.13612176452020203,
    0.22686960753367003,
    0.3176174505471381,
    0.408365293560606,
    0.4991131365740741,
    0.589860979587542,
    0.6806088226010101,
    0.7713566656144781,
    0.8621045086279462,
    0.9528523516414141
  ]
}
