{
  "pixel": [
    0.0005731947450697451,
    0.0011463894901394902,
    0.0017195842352092355,
    0.0022927789802789805,
    0.0028659737253487255,
    0.003439168470418471,
    0.0040123632154882155,
    0.004585557960557961,
    0.005158752705627706,
    0.005731947450697451,
    0.006305142195767196,
    0.006878336940836942,
    0.0074515316859066864,
    0.008024726430976431,
    0.008597921176046177,
    0.009171115921115922,
    0.009744310666185666,
    0.010317505411255413,
    0.010890700156325157,
    0.011463894901394902,
    0.012037089646464648,
    0.012610284391534393,
    0.013183479136604137,
    0.013756673881673884,
    0.014329868626743628,
    0.014903063371813373,
    0.015476258116883117,
    0.016049452861952862,
    0.01662264760702261,
    0.017195842352092355,
    0.0177690370971621,
    0.018342231842231844,
    0.01891542658730159,
    0.019488621332371333,
    0.022927789802789804,
    0.02579376352813853,
    0.028659737253487253,
    0.03152571097883598,
    0.0343916847041847,
    0.03725765842953343,
    0.04681090418069585,
    0.05349817620650954,
    0.07021635627104378,
    0.09027817234848484,
    0.11033998842592593,
    0.13040180450336702,
    0.1504636205808081,
    0.17052543665824915,
    0.19058725273569022,
    0.2106490688131313
  ],
  "area": [
    0.0006210435999562015,
    0.001242087199912403,
    0.0018631307998686047,
    0.002484174399824806,
    0.0031052179997810075,
    0.0037262615997372094,
    0.00434730519969341,
    0.004968348799649612,
    0.005589392399605814,
    0.006210435999562015,
    0.006831479599518217,
    0.007452523199474419,
    0.00807356679943062,
    0.00869461039938682,
    0.009315653999343023,
    0.009936697599299224,
    0.010557741199255425,
    0.011178784799211628,
    0.011799828399167829,
    0.01242087199912403,
    0.013041915599080233,
    0.013662959199036434,
    0.014284002798992635,
    0.014905046398948837,
    0.015526089998905038,
    0.01614713359886124,
    0.01676817719881744,
    0.01738922079877364,
    0.018010264398729846,
    0.018631307998686047,
    0.019252351598642248,
    0.01987339519859845,
    0.02049443879855465,
    0.02111548239851085,
    0.02173652599846705,
    0.022357569598423256,
    0.022978613198379457,
    0.023599656798335658,
    0.02422070039829186,
    0.02484174399824806,
    0.0381941813973064,
    0.06365696899551065,
    0.08911975659371493,
    0.11458254419191918,
    0.14004533179012346,
    0.1655081193883277,
    0.190970906986532,
    0.21643369458473624,
    0.2418964821829405,
    0.26735926978114477
  ],
  "corner": [
    0.003941124713316742,
    0.007882249426633485,
    0.011823374139950226,
    0.01576449885326697,
    0.019705623566583712,
    0.023646748279900452,
    0.027587872993217195,
    0.03152899770653394,
    0.03547012241985068,
    0.039411247133167425,
    0.04335237184648417,
    0.047293496559800904,
    0.05123462127311765,
    0.05517574598643439,
    0.059116870699751134,
    0.06305799541306788,
    0.06699912012638462,
    0.07094024483970136,
    0.0748813695530181,
    0.07882249426633485,
    0.0827636189796516,
    0.08670474369296834,
    0.0966889263000374,
    0.10273198419378975,
    0.10877504208754207,
    0.11481809998129441,
    0.12086115787504675,
    0.1269042157687991,
    0.13294727366255144,
    0.13899033155630378,
    0.14503338945005612,
    0.15107644734380843,
    0.1571195052375608,
    0.1631625631313131,
    0.16920562102506548,
    0.1752486789188178,
    0.19639938154695097,
    0.2115070262813318,
    0.22661467101571264,
    0.2417223157500935,
    0.2568299604844744,
    0.30215289468761686,
    0.3323681841563786,
    0.4079064078282828,
    0.4985522762345679,
    0.589198144640853,
    0.6798440130471379,
    0.7704898814534231,
    0.8611357498597081,
    0.9517816182659933
  ],
  "edge": [
    6.611564554272888e-05,
    0.00013223129108545775,
    0.00019834693662818665,
    0.0002644625821709155,
    0.0003305782277136444,
    0.0003966938732563733,
    0.00046280951879910216,
    0.000528925164341831,
    0.0005950408098845599,
    0.0006611564554272887,
    0.0007272721009700177,
    0.0007933877465127466,
    0.0008595033920554754,
    0.0009256190375982043,
    0.0009917346831409331,
    0.001057850328683662,
    0.001123965974226391,
    0.0011900816197691199,
    0.0012561972653118486,
    0.0013223129108545775,
    0.0013884285563973064,
    0.0014545442019400353,
    0.0015206598474827642,
    0.0015867754930254932,
    0.0016528911385682219,
    0.0017190067841109508,
    0.0017851224296536797,
    0.0020195324456688092,
    0.00218782681614121,
    0.002356121186613611,
    0.0025244155570860113,
    0.002692709927558412,
    0.002861004298030813,
    0.0030292986685032134,
    0.0031975930389756147,
    0.003365887409448015,
    0.003534181779920416,
    0.004072723765432098,
    0.0044429713804713805,
    0.004813218995510662,
    0.005183466610549943,
    0.006170793583988028,
    0.006787872942386831,
    0.008330571338383837,
    0.010181809413580246,
    0.012033047488776656,
    0.013884285563973062,
    0.015735523639169472,
    0.01758676171436588,
    0.019437999789562288
  ]
}
