{
  "pixel": [
    0.0007111556743909685,
    0.001422311348781937,
    0.0021334670231729054,
    0.002844622697563874,
    0.0035557783719548427,
    0.004266934046345811,
    0.00497808972073678,
    0.005689245395127748,
    0.006400401069518716,
    0.007111556743909685,
    0.007822712418300654,
    0.008533868092691622,
    0.00924502376708259,
    0.00995617944147356,
    0.010667335115864528,
    0.011378490790255496,
    0.012089646464646464,
    0.012800802139037433,
    0.013511957813428403,
    0.01422311348781937,
    0.014934269162210339,
    0.015645424836601307,
    0.016356580510992275,
    0.017067736185383243,
    0.01777889185977421,
    0.01849004753416518,
    0.01920120320855615,
    0.01991235888294712,
    0.020623514557338088,
    0.021334670231729056,
    0.022045825906120024,
    0.022756981580510992,
    0.02346813725490196,
    0.027201704545454546,
    0.03022411616161616,
    0.03324652777777778,
    0.036268939393939395,
    0.039291351010101006,
    0.04231376262626263,
    0.04533617424242424,
    0.056418350168350166,
    0.06447811447811448,
    0.08462752525252526,
    0.10880681818181817,
    0.1329861111111111,
    0.15716540404040402,
    0.18134469696969696,
    0.2055239898989899,
    0.22970328282828284,
    0.2538825757575758
  ],
  "area": [
    0.0015729277873586817,
    0.0031458555747173635,
    0.004718783362076045,
    0.006291711149434727,
    0.007864638936793409,
    0.00943756672415209,
    0.011010494511510772,
    0.012583422298869454,
    0.014156350086228136,
    0.015729277873586817,
    0.0173022056609455,
    0.01887513344830418,
    0.02044806123566286,
    0.022020989023021544,
    0.023593916810380228,
    0.025166844597738908,
    0.026739772385097588,
    0.02831270017245627,
    0.029885627959814955,
    0.031458555747173635,
    0.033031483534532315,
    0.034604411321891,
    0.03617733910924968,
    0.03775026689660836,
    0.03932319468396704,
    0.04089612247132572,
    0.04246905025868441,
    0.04404197804604309,
    0.04561490583340177,
    0.047187833620760455,
    0.048760761408119135,
    0.050333689195477815,
    0.051906616982836495,
    0.053479544770195175,
    0.05505247255755386,
    0.05662540034491254,
    0.05819832813227122,
    0.05977125591962991,
    0.06134418370698859,
    0.06291711149434727,
    0.09673505892255893,
    0.1612250982042649,
    0.22571513748597083,
    0.29020517676767676,
    0.3546952160493827,
    0.4191852553310887,
    0.4836752946127946,
    0.5481653338945005,
    0.6126553731762066,
    0.6771454124579124
  ],
  "corner": [
    0.003234382202481161,
    0.006468764404962322,
    0.009703146607443482,
    0.012937528809924643,
    0.016171911012405803,
    0.019406293214886964,
    0.022640675417368125,
    0.025875057619849286,
    0.029109439822330448,
    0.032343822024811605,
    0.03557820422729277,
    0.03881258642977393,
    0.04204696863225509,
    0.04528135083473625,
    0.048515733037217415,
    0.05175011523969857,
    0.05498449744217973,
    0.058218879644660895,
    0.06145326184714205,
    0.06468764404962321,
    0.06792202625210438,
    0.07115640845458554,
    0.0743907906570667,
    0.07762517285954786,
    0.08085955506202902,
    0.08409393726451019,
    0.08732831946699134,
    0.09810959347526188,
    0.10565648528105125,
    0.11320337708684063,
    0.12075026889263,
    0.12829716069841937,
    0.13584405250420875,
    0.14339094430999813,
    0.1509378361157875,
    0.15848472792157686,
    0.16603161972736624,
    0.17357851153315562,
    0.1992379436728395,
    0.217350484006734,
    0.2354630243406285,
    0.253575564674523,
    0.3169694558431537,
    0.4075321575126263,
    0.4980948591820987,
    0.5886575608515712,
    0.6792202625210437,
    0.7697829641905163,
    0.8603456658599888,
    0.9509083675294613
  ],
  "edge": [
    9.335367564534231e-05,
    0.00018670735129068462,
    0.00028006102693602694,
    0.00037341470258136925,
    0.00046676837822671156,
    0.0005601220538720539,
    0.0006534757295173962,
    0.0007468294051627385,
    0.0008401830808080808,
    0.0009335367564534231,
    0.0010268904320987655,
    0.0011202441077441077,
    0.00121359778338945,
    0.0013069514590347924,
    0.0014003051346801348,
    0.001493658810325477,
    0.0015870124859708192,
    0.0016803661616161616,
    0.001773719837261504,
    0.0018670735129068462,
    0.0019604271885521884,
    0.002053780864197531,
    0.0021471345398428733,
    0.0022404882154882155,
    0.0025005448833573833,
    0.002667247875581209,
    0.0028339508678050344,
    0.00300065386002886,
    0.0031673568522526856,
    0.0033340598444765107,
    0.0035007628367003368,
    0.003667465828924162,
    0.003834168821147988,
    0.004000871813371813,
    0.004167574805595639,
    0.004334277797819464,
    0.004500980790043289,
    0.0050566574307893755,
    0.005445631079311635,
    0.005834604727833894,
    0.006223578376356154,
    0.006612552024878414,
    0.008168446618967453,
    0.010502288510101009,
    0.012836130401234568,
    0.015169972292368125,
    0.017503814183501682,
    0.01983765607463524,
    0.022171497965768797,
    0.024505339856902356
  ]
}
